ClusterStyle,SizeOfCluster,Accuracy
SUV,9,0.5555555555555556
SUV,30,0.7333333333333333
Sedan,83,0.5783132530120482
Sedan,7,0.7142857142857143
SUV,31,0.5806451612903226
